33.62,73.03,0,FALSE
33.5,73.49,0,FALSE
33.6,73.53,379.25,FALSE
33.71,73.36,299.13,TRUE
33.66,73.47,411.89,FALSE
33.44,73.49,405.3,FALSE
33.62,73.54,0,FALSE
33.78,73.08,0,FALSE
33.66,73.19,0,FALSE
33.55,73.46,0,FALSE
33.44,73.35,0,FALSE
33.68,73.22,0,FALSE
33.6,73.25,0,FALSE
33.59,73.2,0,FALSE
33.69,73.47,0,FALSE
33.66,73.26,0,FALSE
33.69,73.41,0,FALSE
33.66,73.19,0,FALSE
33.62,73.42,0,FALSE
33.6,73.69,0,FALSE
33.59,73.46,0,FALSE
33.53,73.18,0,FALSE
33.51,73.33,0,FALSE
33.86,74.22,0,FALSE
33.51,73.25,0,FALSE
33.51,73.35,0,FALSE
33.75,73.33,0,FALSE
33.71,73.22,0,TRUE
33.64,73.35,0,TRUE
33.57,73.45,0,TRUE
33.6,73.3,0,TRUE
33.73,73.19,0,TRUE
33.5,73.51,0,TRUE
33.55,73.64,0,TRUE
33.69,73.22,0,TRUE
33.8,73.46,0,TRUE
33.66,72.89,0,TRUE
33.46,73.1,0,TRUE
33.71,73.44,0,TRUE
33.69,73.04,0,TRUE
33.59,73.08,0,TRUE
33.59,72.96,0,TRUE
33.68,73.18,0,TRUE
33.69,72.99,0,FALSE
33.66,72.3,0,FALSE
33.64,73.42,0,FALSE
33.64,73.17,0,FALSE
33.8,73.25,0,FALSE
33.6,73.35,0,FALSE
33.51,72.94,0,FALSE
33.75,73.04,0,FALSE
33.88,72.98,0,FALSE
33.57,73,0,FALSE
33.59,73.18,0,FALSE
33.75,73.02,0,FALSE
33.86,72.74,0,FALSE
33.6,72.7,0,FALSE
33.59,72.5,0,FALSE
33.86,73.26,0,FALSE
33.95,72.9,0,FALSE
33.69,72.62,0,FALSE
33.71,73.04,0,FALSE
33.8,73.11,0,FALSE
33.78,72.69,0,FALSE
33.6,72.85,0,FALSE
33.69,72.72,0,FALSE
33.84,72.63,0,FALSE
33.93,72.69,0,FALSE
33.66,72.84,0,FALSE
33.64,72.35,0,FALSE
33.8,72.76,0,FALSE
33.77,72.56,0,FALSE
33.64,72.83,0,FALSE
33.68,72.68,0,FALSE
33.73,72.84,348.54,FALSE
33.84,72.81,314.46,FALSE
33.75,72.6,313.22,FALSE
33.64,72.72,3.59,FALSE
33.88,73.31,308.55,FALSE
33.78,71.89,263.9,FALSE
33.53,72.87,0,FALSE
33.59,72.84,0,FALSE
33.59,72.75,0,FALSE
33.53,72.91,0,FALSE
33.51,72.69,0,FALSE
33.6,72.6,0,FALSE
33.77,72.79,0,FALSE
33.6,72.65,0,FALSE
33.51,72.79,0,FALSE
33.51,72.77,343.55,FALSE
33.73,72.75,0,FALSE
33.55,72.4,0,FALSE
33.5,72.63,0,FALSE
33.71,73.08,0,FALSE
33.68,72.19,0,FALSE
33.62,72.85,0,FALSE
33.55,72.62,0,FALSE
33.66,72.55,0,FALSE
33.66,72.74,0,FALSE
33.59,72.46,0,FALSE
33.68,72.65,0,FALSE
33.68,72.71,155.94,FALSE
33.68,72.82,150.2,FALSE
33.57,72.42,150.2,FALSE
33.55,72.45,150.2,FALSE
33.64,72.77,150.2,FALSE
33.69,72.75,150.2,FALSE
33.59,74.55,150.2,FALSE
33.77,73.17,150.2,FALSE
33.77,72.64,150.2,FALSE
33.77,73.79,150.2,FALSE
33.75,72.75,150.2,FALSE
33.57,72.76,150.2,FALSE
33.78,72.83,150.2,FALSE
33.59,72.48,150.2,FALSE
33.53,72.81,150.2,FALSE
33.71,73.19,150.2,FALSE
33.78,72.83,150.2,FALSE
33.66,72.26,150.2,FALSE
33.71,72.42,150.2,FALSE
33.62,72.55,150.2,FALSE
33.77,72.39,150.2,FALSE
33.93,72.41,150.2,FALSE
33.71,72.33,114.5,FALSE
33.77,72.36,124.67,FALSE
33.77,72.48,0.01,FALSE
33.91,72.46,0,FALSE
33.68,72.01,0,FALSE
33.69,72.81,0,FALSE
33.8,72.4,0,FALSE
33.89,72.57,0,FALSE
33.64,72.18,0,FALSE
33.71,72.46,0,FALSE
33.8,72.11,0,FALSE
33.86,72.46,0,FALSE
33.68,72.31,0,FALSE
33.73,72.42,0,FALSE
33.91,72.19,0,FALSE
33.86,72.21,0,FALSE
33.71,72.28,0,FALSE
33.8,72.56,0,FALSE
33.8,72.53,0,FALSE
33.8,72.48,0,FALSE
33.62,72.11,0,FALSE
33.84,72.12,258.67,FALSE
33.86,72.51,225.86,FALSE
33.86,72.2,0.68,FALSE
33.73,72.45,162.76,FALSE
33.82,72.31,108.59,FALSE
33.88,72.09,0.4,FALSE
33.69,72.16,0,FALSE
33.55,72.24,0,FALSE
33.69,72.25,0,FALSE
33.84,72.51,0,FALSE
33.8,72.05,0,FALSE
33.68,72.2,0,FALSE
33.84,72.5,0,FALSE
33.91,72.48,0,FALSE
33.78,72.32,0,FALSE
33.8,72.27,0,FALSE
33.8,72.33,0,FALSE
33.97,72.26,0,FALSE
33.78,72.43,0,FALSE
33.64,72.33,0,FALSE
33.68,72.27,0,FALSE
33.89,72.16,0,FALSE
33.64,72.11,0,FALSE
33.6,72.3,0,FALSE
33.68,72.31,0,FALSE
33.77,72.24,0,FALSE
33.69,72.5,0,FALSE
33.57,72.55,0,FALSE
33.66,72.7,0,FALSE
33.82,72.45,0,FALSE
33.53,72.2,0,FALSE
33.5,73.85,0,FALSE
33.62,72.41,0,FALSE
33.82,72.21,0,FALSE
33.66,72.29,0,FALSE
33.68,72.5,0,FALSE
33.73,72.26,0,FALSE
33.73,72.33,0,FALSE
33.66,72.33,0,FALSE
33.55,72.34,0,FALSE
33.69,72.41,0,FALSE
33.8,72.56,0,FALSE
33.62,72.34,0,FALSE
33.66,72.58,0,FALSE
33.82,72.56,0,FALSE
33.93,72.09,0,FALSE
33.73,72.43,0,FALSE
33.64,72.41,0,FALSE
33.8,72.46,0,FALSE
33.89,71.95,0,FALSE
33.69,72.58,0,FALSE
33.62,72.51,0,FALSE
33.77,72.48,0,FALSE
33.84,72.29,0,FALSE
33.75,72.22,0,FALSE
33.69,72.71,0,FALSE
33.91,72.36,0,FALSE
33.88,72.41,0,FALSE
33.77,72.42,0,FALSE
33.64,71.96,0,FALSE
33.84,72.22,0,FALSE
33.88,72.17,0,FALSE
33.6,73.45,0,FALSE
33.82,72.16,0,FALSE
33.82,72.36,0,FALSE
33.86,72.38,0,FALSE
33.75,72.24,0,FALSE
33.84,72.4,0,FALSE
33.91,72.05,0,FALSE
33.84,72.05,0,FALSE
33.68,72.34,0,FALSE
33.82,72.11,0,FALSE
33.89,72.02,0,FALSE
33.86,72,0,FALSE
33.66,71.78,0,FALSE
33.77,72.53,0,FALSE
33.95,72.21,0,FALSE
33.8,72.32,0,FALSE
33.69,72.05,0,FALSE
33.75,72.27,0,FALSE
33.77,72.14,0,FALSE
33.78,72.45,0,FALSE
33.71,72.16,0,FALSE
33.66,71.91,0,FALSE
33.97,72.27,0,FALSE
33.82,72.25,0,FALSE
33.66,72.73,0,FALSE
33.88,72.04,0,FALSE
33.97,72.45,0,FALSE
33.91,71.88,0,FALSE
33.71,72.18,0,FALSE
33.91,71.94,0,FALSE
34.04,71.98,0,FALSE
33.82,72.09,0,FALSE
33.84,71.92,0,FALSE
33.84,71.74,0,FALSE
33.95,72.22,0,FALSE
33.91,72.15,0,FALSE
33.69,71.98,0,FALSE
33.91,72,0,FALSE
33.91,71.97,0,FALSE
33.86,72.03,0,FALSE
33.84,72.13,0,FALSE
33.91,72,0,FALSE
33.89,71.68,0,FALSE
33.82,72.12,0,FALSE
33.75,72.08,0,FALSE
33.93,71.83,0,FALSE
33.91,71.77,0,FALSE
33.73,72.04,0,FALSE
33.78,72.07,0,FALSE
33.8,72.03,0,FALSE
33.98,71.98,0,FALSE
33.75,71.58,0,FALSE
33.68,72.13,0,FALSE
33.82,72.25,0,FALSE
33.88,72.1,0,FALSE
33.73,72.08,0,FALSE
33.68,72.24,0,FALSE
33.82,72.04,0,FALSE
33.86,71.87,0,FALSE
33.82,71.8,0,FALSE
33.86,71.9,0,FALSE
33.82,72.11,0,FALSE
33.93,72.11,0,FALSE
33.71,72.05,0,FALSE
33.62,72.09,0,FALSE
33.73,71.91,0,FALSE
33.86,72.01,0,FALSE
33.69,72,0,FALSE
33.64,71.99,0,FALSE
33.8,71.81,0,FALSE
33.78,72.03,0,FALSE
33.64,72.03,0,FALSE
33.75,72.38,0,FALSE
33.73,72.15,0,FALSE
33.98,72.01,0,FALSE
33.66,71.69,0,FALSE
33.71,72.03,0,FALSE
33.8,73.7,0,FALSE
33.75,72.06,0,FALSE
33.71,72.26,0,FALSE
33.73,72.23,0,FALSE
33.8,72.18,0,FALSE
33.8,72.34,0,FALSE
33.59,72.21,0,FALSE
33.77,72.04,0,FALSE
33.86,72.07,0,FALSE
33.86,72.1,0,FALSE
33.62,72.16,0,FALSE
33.68,72.33,0,FALSE
33.89,72.25,0,FALSE
33.82,71.92,0,FALSE
33.66,72.21,0,FALSE
33.66,72.2,0,FALSE
33.8,73.02,0,FALSE
33.78,72.09,0,FALSE
33.57,72.5,0,FALSE
33.77,72.24,0,FALSE
33.84,71.94,0,FALSE
33.71,74.57,0,FALSE
33.77,72.35,0,FALSE
33.66,71.96,0,FALSE
33.88,72.36,0,FALSE
33.82,72.02,0,FALSE
33.62,72.5,0,FALSE
33.71,72.2,0,FALSE
33.77,71.79,0,FALSE
33.75,72.21,0,FALSE
33.68,72.19,0,FALSE
33.75,71.72,0,FALSE
33.88,71.96,0,FALSE
33.77,72.2,0,FALSE
33.62,71.96,0,FALSE
33.82,72.34,0,FALSE
33.89,72.05,0,FALSE
33.69,72.19,0,FALSE
33.73,71.85,0,FALSE
33.82,71.44,0,FALSE
33.86,71.89,0,FALSE
33.73,71.73,0,FALSE
33.62,71.97,0,FALSE
33.77,71.91,220.31,FALSE
33.88,72.13,0,FALSE
33.69,72.1,0,FALSE
33.62,72.04,0,FALSE
33.71,72.36,0,FALSE
33.86,72.12,0,FALSE
33.68,71.94,0,FALSE
33.71,71.92,0,FALSE
33.8,72.3,0,FALSE
33.77,71.95,0,FALSE
33.73,71.99,0,FALSE
33.69,71.86,0,FALSE
33.8,71.91,0,FALSE
33.88,72.22,0,FALSE
33.66,71.98,0,FALSE
33.62,72.12,0,FALSE
33.73,72.73,0,FALSE
33.8,71.29,0,FALSE
33.59,71.7,0,FALSE
33.55,71.99,0,FALSE
33.68,72.29,0,FALSE
33.68,72.29,0,FALSE
33.55,72.13,0,FALSE
33.59,72.19,0,FALSE
33.51,72.22,0,FALSE
33.62,71.88,0,FALSE
30.9,53.1,0,FALSE
30.92,54.54,0,FALSE
30.92,54.24,421.88,FALSE
30.94,53.87,0.01,FALSE
30.88,54.04,0,FALSE
30.77,54.04,0,FALSE
30.88,54.12,0,FALSE
30.77,53.64,0,FALSE
31.12,53.68,0,FALSE
31.03,53.96,0,FALSE
31.13,53.74,0,FALSE
31.21,53.51,0,FALSE
32.04,53.13,0,FALSE
32.04,53.29,0,FALSE
32.05,53.05,0,FALSE
32,53.22,0,FALSE
32.09,52.81,0,FALSE
32.07,52.54,0,FALSE
32.13,53.07,0,FALSE
32.2,52.5,0,FALSE
32.13,52.71,0,FALSE
32.18,52.62,0,FALSE
32.16,52.75,0,FALSE
32.27,52.84,0,FALSE
32.2,52.11,0,FALSE
32.2,52.7,0,FALSE
32.27,52.65,0,FALSE
32.32,52.23,0,FALSE
32.25,52.03,0,FALSE
32.34,51.93,0,FALSE
32.38,52.29,0,FALSE
32.4,52.44,0,FALSE
32.52,52.12,0,FALSE
32.47,51.81,0,FALSE
32.52,51.84,0,FALSE
32.45,51.69,0,FALSE
32.47,52.03,0,FALSE
32.5,51.15,0,FALSE
32.41,53.64,0,FALSE
32.52,51.48,0,FALSE
32.49,51.39,0,FALSE
32.45,51.7,0,FALSE
32.49,51.27,0,FALSE
32.58,51.17,0,FALSE
32.47,51,0,FALSE
32.47,50.76,0,FALSE
32.56,51.14,0,FALSE
32.5,50.97,0,FALSE
32.58,51.03,0,FALSE
32.65,50.84,0,FALSE
32.63,50.79,0,FALSE
32.69,51.14,0,FALSE
32.63,50.76,0,FALSE
32.65,50.92,0,FALSE
32.61,51.11,0,FALSE
32.61,51.07,0,FALSE
32.76,50.85,0,FALSE
32.72,50.61,0,FALSE
32.61,49.72,0,FALSE
32.34,49.49,0,FALSE
32.43,49.59,0,FALSE
32.34,49.55,0,FALSE
32.31,49.54,0,FALSE
32.27,49.31,0,FALSE
32.31,49.74,0,FALSE
32.13,49.68,0,FALSE
32.23,49.41,0,FALSE
32.16,49.7,0,FALSE
32.07,49.48,0,FALSE
31.98,49.54,0,FALSE
31.95,49.75,0,FALSE
32.02,49.97,0,FALSE
31.91,50.18,0,FALSE
31.82,50.29,0,FALSE
31.96,50.9,0,FALSE
31.86,50.72,0,FALSE
32.16,50.42,0,FALSE
32,50.67,0,FALSE
31.95,50.51,1116.609985,FALSE
32,50.67,1110.356079,FALSE
32,50.49,1096.953613,FALSE
32.16,50.4,1082.739502,FALSE
32.13,49.95,1091.887329,FALSE
32.13,50.48,1104.188965,FALSE
32.13,50.07,1100.861816,FALSE
32.25,49.76,1111.978638,FALSE
32.34,49.88,1115.289795,FALSE
32.27,50.04,0,FALSE
32.09,49.31,0,FALSE
32.18,50.86,0,FALSE
32.22,50.99,0,FALSE
31.98,51.53,0,FALSE
32.05,51.49,0,FALSE
32.13,51.29,0,FALSE
32.13,51,0,FALSE
32.22,51.04,0,FALSE
32.36,52.95,0,FALSE
32.29,51.17,0,FALSE
32.34,50.69,0,FALSE
32.34,51.02,0,FALSE
32.23,50.31,0,FALSE
32.45,51.46,0,FALSE
32.56,51.89,0,FALSE
32.63,51.53,0.003063063,FALSE
32.67,51.58,0.400030643,FALSE
32.61,51.69,0.474000335,FALSE
33.06,51.24,5.851824284,FALSE
33.05,51.31,5.49851799,FALSE
33.06,51.33,6.484985352,FALSE
32.97,50.02,663.8948364,FALSE
33.14,51.06,735.4989014,FALSE
33.21,51.25,744.8049927,FALSE
33.15,51.19,759.1380615,FALSE
33.26,51.28,771.7313843,FALSE
33.32,51.01,795.9373169,FALSE
33.28,50.93,303.8293762,FALSE
33.33,50.8,3.038293839,FALSE
33.24,50.54,0.030382939,FALSE
33.37,50.67,0.000303829,FALSE
33.37,50.76,3.04E-06,FALSE
33.35,50.38,3.04E-08,FALSE
33.35,50.4,3.04E-10,FALSE
33.39,50.29,3.04E-12,FALSE
33.44,50.25,3.04E-14,FALSE
33.41,49.83,0,FALSE
33.46,50.08,0,FALSE
33.57,49.76,0,FALSE
33.44,49.54,0,FALSE
33.46,49.83,0,FALSE
33.57,51.61,0,FALSE
33.53,49.59,325.6799927,FALSE
33.62,49.71,1233.656738,FALSE
33.66,49.8,1263.226563,FALSE
33.6,50.04,1316.222168,FALSE
33.66,50.19,1293.872192,FALSE
33.62,51,1300.72876,FALSE
33.68,49.92,1332.747192,FALSE
33.62,49.95,1379.067505,FALSE
33.71,49.98,0,FALSE
33.73,50.13,0,FALSE
33.69,49.98,0,FALSE
33.84,50,0,FALSE
33.86,49.75,0,FALSE
34,49.13,0,FALSE
33.98,49.32,0,FALSE
33.98,49.13,0,FALSE
33.95,48.75,0,FALSE
34,49.28,0,FALSE
34.06,48.53,0,FALSE
34.02,48.81,0,FALSE
34.09,49.18,0,FALSE
34.11,49.21,0,FALSE
34.09,48.49,0,FALSE
34.11,48.61,37.86999893,FALSE
34.13,48.99,37.86999893,FALSE
34.15,48.34,517.5587158,FALSE
34.04,47.96,517.5587158,FALSE
34.04,48.39,5.175587177,FALSE
33.5,47.33,0,FALSE
33.53,47.27,0,FALSE
33.53,47.36,0,FALSE
33.5,47.61,0,FALSE
33.44,47.72,0,FALSE
33.78,47.7,0,FALSE
33.78,46.12,0,FALSE
33.82,47.71,0,FALSE
34.04,48,0,FALSE
34.06,47.33,3.650156975,FALSE
34.06,47.58,35.83650208,FALSE
34.09,47.07,74.25836182,FALSE
34.15,47.01,95.32257843,FALSE
34.04,47.33,96.10322571,FALSE
34.07,46.17,99.20103455,FALSE
34.02,46.9,99.98200989,FALSE
34.13,47.02,107.5098267,FALSE
34.07,47.1,107.365097,FALSE
31.5,49.94,0,FALSE
31.6,50,0,FALSE
31.59,50.22,0,FALSE
31.69,50.08,0,FALSE
31.66,50.05,0,FALSE
31.62,50.28,0,FALSE
31.64,50.06,0,FALSE
31.8,50.17,0,FALSE
31.69,50.27,0,FALSE
31.69,50.38,0,FALSE
31.68,50.24,0,FALSE
31.87,50.32,78.84253693,FALSE
31.89,50.29,72.57843018,FALSE
31.89,50.4,75.71578217,FALSE
31.87,50.17,26.12715912,FALSE
31.77,50.25,84.00126648,FALSE
31.89,50.07,66.99001312,FALSE
31.87,49.97,0.669900119,FALSE
31.98,49.63,0,FALSE
31.96,49.7,0,FALSE
31.82,49.89,0,FALSE
31.89,49.74,0,FALSE
32.05,49.7,0,FALSE
31.87,49.62,0,FALSE
31.95,49.83,0,FALSE
31.8,49.45,0,FALSE
31.69,50,52.61999893,FALSE
31.91,49.8,63.48620224,FALSE
31.75,49.83,76.92486572,FALSE
31.93,49.68,0,FALSE
31.96,49.93,0,FALSE
31.98,49.64,0,FALSE
31.93,49.98,0,FALSE
31.95,50.39,0,FALSE
32.02,50.24,0,FALSE
32.16,50.43,0,FALSE
32.05,50.05,0,FALSE
31.96,50.32,0,FALSE
32.14,50.22,0,FALSE
32.14,50.5,0,FALSE
32.07,50.61,0,FALSE
32,50.28,68.63999939,FALSE
32.11,49.94,42.21640015,FALSE
32.07,49.92,93.85216522,FALSE
32.11,50.2,90.93851471,FALSE
32.02,49.8,73.91938782,FALSE
32.14,49.89,0.739193857,FALSE
32.09,49.9,0.007391938,FALSE
32.09,50.04,7.39E-05,FALSE
32.13,49.63,7.39E-07,FALSE
32.02,49.81,7.39E-09,FALSE
32.07,49.67,7.39E-11,FALSE
32.14,49.77,7.39E-13,FALSE
32.11,50.02,7.39E-15,FALSE
32.11,49.39,7.39E-17,FALSE
32.13,49.78,7.39E-19,FALSE
32.13,50.57,7.39E-21,FALSE
32.04,49.89,7.39E-23,FALSE
32,49.72,7.39E-25,FALSE
32.02,49.77,7.39E-35,FALSE
32.05,48.98,7.39E-37,FALSE
32.05,49.64,7.39E-39,FALSE
32.04,49.53,7.39E-41,FALSE
32.11,49.7,76.33999634,FALSE
32.11,49.57,0.78339994,FALSE
32.05,49.81,84.05783081,FALSE
32.14,49.64,89.60057831,FALSE
32.23,49.88,61.04600525,FALSE
32.11,49.71,0.610460043,FALSE
32.16,49.42,0.006104601,FALSE
32.2,49.87,6.10E-05,FALSE
32.11,49.74,6.10E-07,FALSE
32.09,49.56,6.10E-09,FALSE
32.31,49.52,6.10E-11,FALSE
32.13,49.55,6.10E-13,FALSE
32.23,49.69,6.10E-15,FALSE
32.13,48.24,6.10E-17,FALSE
32.05,48.44,6.10E-19,FALSE
32,49.54,6.10E-21,FALSE
31.91,49.48,6.10E-23,FALSE
31.93,50.3,6.10E-25,FALSE
31.96,49.43,6.10E-27,FALSE
32.04,49.49,6.10E-29,FALSE
31.78,48.49,6.10E-31,FALSE
31.93,49.46,6.10E-33,FALSE
31.89,49.68,124.6500015,FALSE
31.77,49.28,2.486500025,FALSE
31.78,49.69,0.024865,FALSE
31.86,49.58,0.00024865,FALSE
31.78,49.65,8.190002441,FALSE
31.82,49.69,0.081900023,FALSE
31.86,49.58,0.000819,FALSE
31.89,49.83,8.19E-06,FALSE
32.02,49.66,8.19E-08,FALSE
31.98,49.74,8.19E-10,FALSE
31.86,49.34,8.19E-12,FALSE
31.91,49.86,8.19E-14,FALSE
31.86,48.17,8.19E-16,FALSE
32.07,49.55,8.19E-18,FALSE
32.02,49.74,8.19E-20,FALSE
32.16,49.92,8.19E-22,FALSE
32.07,49.5,8.19E-24,FALSE
31.93,49.57,8.19E-26,FALSE
31.89,49.56,8.19E-28,FALSE
31.8,49.62,8.19E-30,FALSE
31.91,49.72,8.19E-32,FALSE
32.07,49.68,8.19E-34,FALSE
31.82,49.56,8.19E-36,FALSE
32.02,49.66,8.19E-38,FALSE
31.87,49.47,8.19E-40,FALSE
32.07,49.55,8.19E-42,FALSE
31.91,49.73,8.13E-44,FALSE
32.07,49.91,1.40E-45,FALSE
32.09,49.53,0,FALSE
31.93,49.5,0,FALSE
31.82,49.56,0,FALSE
32.09,49.65,0,FALSE
32,49.43,0,FALSE
32.13,49.56,0,FALSE
32.07,49.59,0,FALSE
32.13,49.72,0,FALSE
32.16,50.32,0,FALSE
32.18,49.5,0,FALSE
32.18,49.04,0,FALSE
32.02,49.32,0,FALSE
32.23,47.91,0,FALSE
32.13,49.5,0,FALSE
32.25,49.93,0,FALSE
32.13,48.48,0,FALSE
32.05,49.43,0,FALSE
32.29,49.21,0,FALSE
32.2,49.34,0,FALSE
32.23,49.07,0,FALSE
32.29,49.24,0,FALSE
32.32,49.3,0,FALSE
32.38,48.91,0,FALSE
32.29,49.29,0,FALSE
32.36,49.12,0,FALSE
32.29,49.26,0,FALSE
32.36,48.65,0,FALSE
32.32,48.95,0,FALSE
32.5,48.33,0,FALSE
32.47,48.76,0,FALSE
33.39,47.5,0,FALSE
33.15,47.64,0,FALSE
32.94,47.43,0,FALSE
32.88,47.75,0,FALSE
33.03,48.06,0,FALSE
33.37,47.66,0,FALSE
33.32,47.69,0,FALSE
33.21,47.75,0,FALSE
33.17,47.27,0,FALSE
33.19,47.26,0,FALSE
33.44,47.27,0,FALSE
33.26,47.82,0,FALSE
33.42,47.16,16.70000076,FALSE
33.3,47.03,0.167000011,FALSE
33.14,47.41,0.00167,FALSE
33.32,47.39,1.67E-05,FALSE
33.33,47.18,1.67E-07,FALSE
33.48,47.13,1.67E-09,FALSE
33.55,47.19,1.67E-11,FALSE
33.5,47.23,1.67E-13,FALSE
33.62,47.14,1.67E-15,FALSE
33.53,47.05,1.67E-17,FALSE
33.59,47.24,1.67E-19,FALSE
33.64,47.09,1.67E-21,FALSE
33.68,47.2,1.67E-23,FALSE
33.75,47.17,1.67E-25,FALSE
33.64,46.88,1.67E-27,FALSE
33.64,46.75,1.67E-29,FALSE
33.57,46.99,1.67E-31,FALSE
33.42,46.82,1.67E-33,FALSE
33.6,46.63,1.67E-35,FALSE
33.53,46.84,0,FALSE
33.53,47.12,0,FALSE
33.51,46.83,0,FALSE
33.48,46.73,0,FALSE
33.5,46.61,0,FALSE
33.42,46.78,0,FALSE
33.42,47.1,0,FALSE
33.24,46.86,67.90000153,FALSE
33.46,46.73,92.84900665,FALSE
33.48,46.99,55.07849121,FALSE
33.48,47.01,0.550784886,FALSE
33.44,46.65,0.005507849,FALSE
33.51,46.76,5.51E-05,FALSE
33.48,46.83,5.51E-07,FALSE
33.55,46.67,5.51E-09,FALSE
33.59,46.88,5.51E-11,FALSE
33.46,47.09,5.51E-13,FALSE
33.44,46.82,5.51E-15,FALSE
33.41,46.95,5.51E-17,FALSE
33.41,46.99,5.51E-19,FALSE
33.46,47.05,5.51E-21,FALSE
33.41,47.3,5.51E-23,FALSE
33.39,46.92,5.51E-25,FALSE
33.3,45.75,5.51E-27,FALSE
33.33,46.87,5.51E-29,FALSE
33.28,46.92,5.51E-31,FALSE
33.39,47.35,5.51E-33,FALSE
33.28,47.1,5.51E-35,FALSE
33.35,47.09,5.51E-37,FALSE
33.24,47.97,5.51E-39,FALSE
33.24,47.19,5.51E-41,FALSE
33.28,47.25,5.51E-43,FALSE
33.21,46.92,5.61E-45,FALSE
33.01,47.23,0,FALSE
33.21,47.05,0,FALSE
32.9,47.04,0,FALSE
33.08,47.15,0,FALSE
33.12,47.12,0,FALSE
33.01,47.29,0,FALSE
33.01,47.26,0,FALSE
33.08,47.21,0,FALSE
32.94,47.47,0,FALSE
33.01,47.34,0,FALSE
33.03,47.47,0,FALSE
32.97,48.43,0,FALSE
32.81,49.63,0,FALSE
32.83,47.32,0,FALSE
32.79,48.44,0,FALSE
32.9,47.67,0,FALSE
32.92,47.8,0,FALSE
32.94,47.98,0,FALSE
32.81,47.78,0,FALSE
32.99,47.55,0,FALSE
32.69,47.64,0,FALSE
32.9,47.96,0,FALSE
32.78,47.92,0,FALSE
32.69,47.52,0,FALSE
32.47,48.4,0,FALSE
32.49,48,0,FALSE
32.29,47.99,0,FALSE
32.52,47.86,0,FALSE
32.69,47.75,0,FALSE
32.45,47.98,0,FALSE
32.34,48.15,0,FALSE
32.41,48.06,0,FALSE
32.43,48.17,0,FALSE
32.52,48.18,0,FALSE
32.56,48.15,0,FALSE
32.54,48.39,0,FALSE
32.54,48.24,0,FALSE
32.61,47.88,0,FALSE
32.58,48.36,0,FALSE
32.65,48.22,0,FALSE
32.74,47.97,0,FALSE
32.63,47.98,0,FALSE
32.67,48.19,0,FALSE
32.69,48.11,0,FALSE
32.81,47.66,0,FALSE
32.69,48.12,0,FALSE
32.83,47.74,0,FALSE
32.83,47.6,0,FALSE
32.88,47.68,0,FALSE
32.78,49.68,0,FALSE
32.76,47.83,0,FALSE
31.93,49.26,0,FALSE
31.26,49.76,0,FALSE
31.32,49.58,0,FALSE
31.21,50.19,0,FALSE
31.21,50.17,0,FALSE
31.24,49.9,0,FALSE
31.3,50.02,0,FALSE
31.3,50.03,0,FALSE
31.42,49.91,0,FALSE
31.53,49.9,0,FALSE
31.24,50.1,0,FALSE
31.51,49.82,0,FALSE
31.37,49.8,0,FALSE
31.5,49.98,0,FALSE
31.41,49.64,0,FALSE
31.44,50.12,0,FALSE
31.41,53.4,0,FALSE
31.55,49.98,6.62E-42,FALSE
31.5,49.91,6.59E-44,FALSE
31.53,49.82,0,FALSE
31.46,49.63,0,FALSE
31.42,49.77,0,FALSE
31.48,49.83,0,FALSE
31.46,49.78,0,FALSE
31.41,49.76,0,FALSE
31.42,50.05,0,FALSE
31.5,49.98,0,FALSE
31.59,49.75,0,FALSE
31.59,49.24,0,FALSE
31.64,49.98,0,FALSE
31.55,49.68,0,FALSE
31.59,49.91,0,FALSE
31.57,49.43,0,FALSE
31.71,49.74,0,FALSE
31.64,49.72,0,FALSE
31.48,49.5,0,FALSE
31.46,50.92,0,FALSE
31.53,50.17,0,FALSE
31.48,49.92,0,FALSE
31.5,49.65,0,FALSE
31.53,49.81,0,FALSE
31.53,49.67,0,FALSE
31.57,49.65,0,FALSE
31.71,49.52,0,FALSE
31.75,53,0,FALSE
31.77,49.99,0,FALSE
31.78,49.93,0,FALSE
31.77,49.61,0,FALSE
31.86,49.62,0,FALSE
31.8,49.63,0,FALSE
31.95,49.3,0,FALSE
31.91,49.39,0,FALSE
31.87,51.65,0,FALSE
31.73,49.62,0,FALSE
31.75,49.38,0,FALSE
31.73,49.53,0,FALSE
31.55,49.23,0,FALSE
31.64,49.6,0,FALSE
31.78,49.37,0,FALSE
31.68,49.86,0,FALSE
31.86,49.61,0,FALSE
31.75,49.66,0,FALSE
31.73,49.61,0,FALSE
31.77,49.54,0,FALSE
31.68,49.12,0,FALSE
31.77,49.36,0,FALSE
31.89,49.93,0,FALSE
31.71,49.38,0,FALSE
31.82,50.02,0,FALSE
31.82,49.61,0,FALSE
31.73,49.19,0,FALSE
31.91,49.16,0,FALSE
31.73,49.42,0,FALSE
31.77,49.35,0,FALSE
31.77,49.03,0,FALSE
31.71,49.21,0,FALSE
31.91,49.49,0,FALSE
31.91,49.45,0,FALSE
31.87,49.52,0,FALSE
31.87,49.1,0,FALSE
31.84,49.09,0,FALSE
32,49.46,0,FALSE
31.95,49.23,0,FALSE
32,48.87,0,FALSE
31.78,49.27,0,TRUE
31.86,49.36,0,TRUE
31.91,49.12,0,TRUE
31.96,49.17,0,TRUE
31.96,49.36,0,TRUE
31.86,49.1,0,TRUE
31.84,49.26,0,TRUE
31.87,53.52,0,TRUE
31.86,49.36,0,TRUE
31.82,49,0,TRUE
31.87,49.12,0,TRUE
31.98,49.09,0,TRUE
31.86,49.13,0,TRUE
31.64,49.19,0,TRUE
31.73,49.2,0,TRUE
31.87,49.57,0,TRUE
31.78,49.2,0,TRUE
31.75,49.27,0,TRUE
31.78,49.12,0,TRUE
31.77,49.15,0,TRUE
31.77,49.48,0,TRUE
31.8,49.17,0,TRUE
31.8,49.18,0,TRUE
31.89,49.01,0,TRUE
31.98,48.82,0,TRUE
32.05,49.13,0,TRUE
31.91,48.92,0,TRUE
32,49.2,0,TRUE
32.05,49.18,0,TRUE
31.91,49.04,0,TRUE
31.93,49.09,0,TRUE
31.87,51.57,0,TRUE
31.78,49,0,TRUE
32,49.15,0,TRUE
31.93,49.97,0,TRUE
31.93,49.01,0,TRUE
31.86,48.85,0,TRUE
31.96,49.16,0,TRUE
32.02,48.96,0,TRUE
32,47.68,0,TRUE
32,49.43,0,TRUE
31.95,49.22,0,TRUE
32.02,49.78,0,TRUE
32.18,49.14,0,TRUE
32.04,49.15,0,TRUE
31.96,48.83,0,TRUE
32.05,49.08,0,TRUE
32.05,49.1,0,TRUE
31.93,47.34,0,TRUE
31.87,48.99,0,TRUE
31.95,48.84,0,TRUE
31.89,48.99,0,TRUE
32.07,49.21,0,TRUE
32.05,49,0,TRUE
32.16,49.05,0,TRUE
32.14,48.72,0,TRUE
32.14,48.77,0,TRUE
32.13,48.82,0,TRUE
32.09,49.05,0,TRUE
32.18,48.53,0,TRUE
32.18,48.59,0,TRUE
31.75,49.49,0,TRUE
31.75,49.57,0,TRUE
31.71,49.89,0,TRUE
31.71,49.89,0,TRUE
31.8,49.98,0,TRUE
31.8,49.98,41.47000122,TRUE
31.78,49.61,41.47000122,TRUE
31.78,49.61,459.8946838,TRUE
31.77,49.55,459.8946838,TRUE
31.86,49.43,4.598947048,TRUE
31.77,49.76,4.598947048,TRUE
31.77,49.76,0.045989469,TRUE
31.66,50.75,0.045989469,TRUE
31.66,50.75,0.000459895,TRUE
31.75,49.96,0.000459895,TRUE
31.75,49.96,4.60E-06,TRUE
31.8,49.8,4.60E-06,TRUE
31.75,49.19,4.60E-08,TRUE
31.71,49.66,4.60E-08,TRUE
31.53,49.66,4.60E-10,TRUE
31.78,49.54,4.60E-10,TRUE
31.78,49.54,4.60E-12,TRUE
31.8,49.67,4.60E-12,TRUE
31.8,49.67,4.60E-14,TRUE
31.82,49.2,4.60E-14,TRUE
31.82,49.2,4.60E-16,TRUE
31.86,49.43,4.60E-16,TRUE
31.86,49.43,4.60E-18,TRUE
31.84,49.38,4.60E-18,TRUE
31.84,49.38,4.60E-20,TRUE
31.8,49.47,4.60E-20,TRUE
31.8,49.47,4.60E-22,TRUE
31.86,49.29,4.60E-22,TRUE
31.86,48.14,4.60E-24,TRUE
31.84,49.54,4.60E-24,TRUE
31.8,49.44,4.60E-26,TRUE
31.82,49.32,4.60E-26,TRUE
31.68,49.12,4.60E-28,TRUE
31.66,49.4,4.60E-28,TRUE
31.86,49.45,4.60E-30,TRUE
31.64,49.61,4.60E-30,TRUE
31.71,49.38,4.60E-32,TRUE
31.71,49.78,4.60E-32,TRUE
31.71,49.78,4.60E-34,TRUE
31.8,49.45,4.60E-34,TRUE
31.8,49.45,0,TRUE
31.93,49.42,0,TRUE
31.93,49.42,0,TRUE
31.93,49.42,0,TRUE
31.98,49.42,0,TRUE
-88.1,49.42,0,TRUE
-88.1,49.42,0,TRUE
31.89,49.34,0,TRUE
31.89,48.84,0,TRUE
31.89,48.84,0,TRUE
31.89,48.84,0,TRUE
31.89,48.84,0,TRUE
31.95,48.84,0,TRUE
31.95,49.71,0,TRUE
31.95,49.71,0,TRUE
31.95,49.71,0,TRUE
32.07,49.12,0,TRUE
31.98,47.28,0,TRUE
31.98,47.28,99.19000244,TRUE
32.04,47.28,99.19000244,TRUE
32.04,49.34,99.19000244,TRUE
32.04,49.34,0.991900027,TRUE
32.04,49.34,0.991900027,TRUE
31.89,49.34,0.991900027,TRUE
31.89,49.34,0.009919,TRUE
-93.87,27.96,0.009919,TRUE
-93.87,27.96,0.009919,TRUE
-93.87,27.96,9.92E-05,TRUE
-93.87,27.96,9.92E-05,TRUE
31.89,27.96,9.92E-05,TRUE
31.89,51.37,9.92E-07,TRUE
32.02,49.24,9.92E-07,TRUE
32.02,49.24,9.92E-07,TRUE
32.02,49.24,2.00999999,TRUE
25.26,49.24,2.00999999,TRUE
25.26,49.25,2.00999999,TRUE
25.26,49.25,1.86010015,TRUE
31.93,49.38,1.86010015,TRUE
31.93,49.38,1.86010015,TRUE
31.93,49.38,0.238600999,TRUE
31.93,49.38,0.238600999,TRUE
31.96,49.35,0.238600999,TRUE
31.96,49.35,0.00238601,TRUE
31.84,49.35,0.00238601,TRUE
31.84,47.58,0.00238601,TRUE
31.84,47.58,2.39E-05,TRUE
32,49.23,2.39E-05,TRUE
32,49.23,2.39E-05,TRUE
31.26,50.83,8.64E-08,TRUE
30.9,50.99,8.64E-08,TRUE
30.9,50.76,8.64E-10,TRUE
30.9,48,8.64E-10,TRUE
30.9,48,8.64E-12,TRUE
30.88,51.08,8.64E-12,TRUE
30.94,51.92,8.64E-14,TRUE
30.95,51.12,8.64E-14,TRUE
30.92,51.17,8.64E-16,TRUE
31.08,50.79,8.64E-16,TRUE
31.08,51.09,8.64E-18,TRUE
30.97,51.22,8.64E-18,TRUE
30.97,51.22,8.64E-20,TRUE
31.01,51.04,8.64E-20,TRUE
